ID,Individuo,I,x,f(x)
1,010101,21,1.0,0.9825475935627165
2,011110,30,1.8571428571428568,3.337206502312616
3,000000,0,-1.0,1.0174524064372834
4,100000,32,2.0476190476190474,4.042936662898632
5,011001,25,1.380952380952381,1.8610703876845358
6,011111,31,1.952380952380952,3.6819279128853872
7,101010,42,3.0,8.528976393813505
8,110001,49,3.666666666666666,12.584648915046454
9,011010,26,1.4761904761904763,2.123000376292874
10,100111,39,2.714285714285714,7.018462502487046
11,111111,63,5.0,22.821106431308547
12,010001,17,0.6190476190476191,0.37907956617687333
13,111011,59,4.619047619047619,19.61743872070184
14,100100,36,2.4285714285714284,5.648039789102246
15,000001,1,-0.9047619047619048,0.8315200473231276
16,110010,50,3.761904761904762,13.22341296515159
17,111010,58,4.523809523809524,18.850720869283407
18,111110,62,4.904761904761904,21.999848898615625
19,110011,51,3.8571428571428568,13.876752957322918
20,111101,61,4.809523809523809,21.192092176536686
21,101100,44,3.19047619047619,9.612612865986414
22,101011,43,3.095238095238095,9.063191940391086
23,010011,19,0.8095238095238093,0.6460700601147984
24,110111,55,4.238095238095238,16.63407696166561
25,110101,53,4.0476190476190474,15.226801622491495
26,100011,35,2.333333333333333,5.22278426902931
27,110110,54,4.142857142857142,15.923330807852608
28,001000,8,-0.23809523809523814,0.05692491688651036
29,010000,16,0.5238095238095237,0.27186804786227164
30,101000,40,2.8095238095238093,7.506521601545266
31,110000,48,3.571428571428571,11.960550634631987
32,010100,20,0.9047619047619047,0.8056681612936524
33,111000,56,4.333333333333333,17.358950428892644
34,001110,14,0.33333333333333326,0.11046469651611175
35,000100,4,-0.6190476190476191,0.38736034312017886
36,011100,28,1.6666666666666665,2.6969868923802456
37,100101,37,2.5238095238095237,6.089131450525736
38,011101,29,1.7619047619047619,3.0088627253432194
39,010111,23,1.1904761904761902,1.3877887837068057
40,101111,47,3.4761904761904763,11.351207983562364
41,001111,15,0.4285714285714284,0.18229960786082441
42,001100,12,0.1428571428571428,0.020357279083275916
43,010110,22,1.095238095238095,1.1766179378190775
44,011011,27,1.5714285714285712,2.401669329234637
45,111100,60,4.7142857142857135,20.397925643699594
46,000011,3,-0.7142857142857143,0.5165644462221506
47,000101,5,-0.5238095238095238,0.27688478660484844
48,100010,34,2.238095238095238,4.81345509078861
49,101110,46,3.3809523809523805,10.756710852691842
50,001011,11,0.04761904761904745,0.002265689095074959
51,010101,21,1.0,0.9825475935627165
52,000100,4,-0.6190476190476191,0.38736034312017886
53,011110,30,1.8571428571428568,3.337206502312616
54,100100,36,2.4285714285714284,5.648039789102246
55,111010,58,4.523809523809524,18.850720869283407
56,000100,4,-0.6190476190476191,0.38736034312017886
57,000000,0,-1.0,1.0174524064372834
58,100100,36,2.4285714285714284,5.648039789102246
59,011000,24,1.2857142857142856,1.6159697304497915
60,000101,5,-0.5238095238095238,0.27688478660484844
61,000000,0,-1.0,1.0174524064372834
62,011110,30,1.8571428571428568,3.337206502312616
63,000100,4,-0.6190476190476191,0.38736034312017886
64,101010,42,3.0,8.528976393813505
65,100101,37,2.5238095238095237,6.089131450525736
66,110100,52,3.9523809523809526,14.544579096795166
67,010100,20,0.9047619047619047,0.8056681612936524
68,001010,10,-0.04761904761904767,0.002269458297215279
69,000111,7,-0.33333333333333337,0.11175752570611044
70,100100,36,2.4285714285714284,5.648039789102246
71,000100,4,-0.6190476190476191,0.38736034312017886
72,110110,54,4.142857142857142,15.923330807852608
73,010000,16,0.5238095238095237,0.27186804786227164
74,000100,4,-0.6190476190476191,0.38736034312017886
75,000111,7,-0.33333333333333337,0.11175752570611044
76,111000,56,4.333333333333333,17.358950428892644
77,000100,4,-0.6190476190476191,0.38736034312017886
78,111001,57,4.428571428571428,18.097861591499424
79,000001,1,-0.9047619047619048,0.8315200473231276
80,000100,4,-0.6190476190476191,0.38736034312017886
81,010000,16,0.5238095238095237,0.27186804786227164
82,100110,38,2.6190476190476186,6.545969074049677
83,010000,16,0.5238095238095237,0.27186804786227164
84,101110,46,3.3809523809523805,10.756710852691842
85,011110,30,1.8571428571428568,3.337206502312616
86,100100,36,2.4285714285714284,5.648039789102246
87,010100,20,0.9047619047619047,0.8056681612936524
88,100011,35,2.333333333333333,5.22278426902931
89,010100,20,0.9047619047619047,0.8056681612936524
90,101101,45,3.2857142857142856,10.177149163244945
91,001100,12,0.1428571428571428,0.020357279083275916
92,100100,36,2.4285714285714284,5.648039789102246
93,001101,13,0.23809523809523814,0.05645376792074591
94,100100,36,2.4285714285714284,5.648039789102246
95,010000,16,0.5238095238095237,0.27186804786227164
96,000111,7,-0.33333333333333337,0.11175752570611044
97,010100,20,0.9047619047619047,0.8056681612936524
98,100111,39,2.714285714285714,7.018462502487046
99,010000,16,0.5238095238095237,0.27186804786227164
100,100110,38,2.6190476190476186,6.545969074049677
101,000011,3,-0.7142857142857143,0.5165644462221506
102,110111,55,4.238095238095238,16.63407696166561
103,000100,4,-0.6190476190476191,0.38736034312017886
104,110110,54,4.142857142857142,15.923330807852608
105,000100,4,-0.6190476190476191,0.38736034312017886
106,101000,40,2.8095238095238093,7.506521601545266
107,010000,16,0.5238095238095237,0.27186804786227164
108,000100,4,-0.6190476190476191,0.38736034312017886
109,000100,4,-0.6190476190476191,0.38736034312017886
110,101000,40,2.8095238095238093,7.506521601545266
111,010000,16,0.5238095238095237,0.27186804786227164
112,100100,36,2.4285714285714284,5.648039789102246
113,000100,4,-0.6190476190476191,0.38736034312017886
114,010100,20,0.9047619047619047,0.8056681612936524
115,011011,27,1.5714285714285712,2.401669329234637
116,100100,36,2.4285714285714284,5.648039789102246
117,011110,30,1.8571428571428568,3.337206502312616
118,001110,14,0.33333333333333326,0.11046469651611175
119,010100,20,0.9047619047619047,0.8056681612936524
120,001100,12,0.1428571428571428,0.020357279083275916
121,000101,5,-0.5238095238095238,0.27688478660484844
122,101100,44,3.19047619047619,9.612612865986414
123,101100,44,3.19047619047619,9.612612865986414
124,110100,52,3.9523809523809526,14.544579096795166
125,000100,4,-0.6190476190476191,0.38736034312017886
126,010111,23,1.1904761904761902,1.3877887837068057
127,000101,5,-0.5238095238095238,0.27688478660484844
128,101110,46,3.3809523809523805,10.756710852691842
129,010110,22,1.095238095238095,1.1766179378190775
130,001111,15,0.4285714285714284,0.18229960786082441
131,001100,12,0.1428571428571428,0.020357279083275916
132,000100,4,-0.6190476190476191,0.38736034312017886
133,010100,20,0.9047619047619047,0.8056681612936524
134,001110,14,0.33333333333333326,0.11046469651611175
135,010001,17,0.6190476190476191,0.37907956617687333
136,010111,23,1.1904761904761902,1.3877887837068057
137,010100,20,0.9047619047619047,0.8056681612936524
138,101100,44,3.19047619047619,9.612612865986414
139,000101,5,-0.5238095238095238,0.27688478660484844
140,000110,6,-0.4285714285714286,0.18504733091468567
141,000100,4,-0.6190476190476191,0.38736034312017886
142,000101,5,-0.5238095238095238,0.27688478660484844
143,000000,0,-1.0,1.0174524064372834
144,100110,38,2.6190476190476186,6.545969074049677
145,110110,54,4.142857142857142,15.923330807852608
146,111010,58,4.523809523809524,18.850720869283407
147,000001,1,-0.9047619047619048,0.8315200473231276
148,001110,14,0.33333333333333326,0.11046469651611175
149,011100,28,1.6666666666666665,2.6969868923802456
150,001110,14,0.33333333333333326,0.11046469651611175
151,001100,12,0.1428571428571428,0.020357279083275916
152,000000,0,-1.0,1.0174524064372834
153,110001,49,3.666666666666666,12.584648915046454
154,100100,36,2.4285714285714284,5.648039789102246
155,001101,13,0.23809523809523814,0.05645376792074591
156,011000,24,1.2857142857142856,1.6159697304497915
157,001100,12,0.1428571428571428,0.020357279083275916
158,011111,31,1.952380952380952,3.6819279128853872
159,001100,12,0.1428571428571428,0.020357279083275916
160,101000,40,2.8095238095238093,7.506521601545266
161,010011,19,0.8095238095238093,0.6460700601147984
162,101101,45,3.2857142857142856,10.177149163244945
163,001000,8,-0.23809523809523814,0.05692491688651036
164,011110,30,1.8571428571428568,3.337206502312616
165,000110,6,-0.4285714285714286,0.18504733091468567
166,101101,45,3.2857142857142856,10.177149163244945
167,001101,13,0.23809523809523814,0.05645376792074591
168,111110,62,4.904761904761904,21.999848898615625
169,011111,31,1.952380952380952,3.6819279128853872
170,000001,1,-0.9047619047619048,0.8315200473231276
171,001101,13,0.23809523809523814,0.05645376792074591
172,111100,60,4.7142857142857135,20.397925643699594
173,001100,12,0.1428571428571428,0.020357279083275916
174,100100,36,2.4285714285714284,5.648039789102246
175,011101,29,1.7619047619047619,3.0088627253432194
176,001001,9,-0.1428571428571429,0.020459047447336322
177,010110,22,1.095238095238095,1.1766179378190775
178,101000,40,2.8095238095238093,7.506521601545266
179,011000,24,1.2857142857142856,1.6159697304497915
180,101110,46,3.3809523809523805,10.756710852691842
181,011110,30,1.8571428571428568,3.337206502312616
182,111110,62,4.904761904761904,21.999848898615625
183,011110,30,1.8571428571428568,3.337206502312616
184,100001,33,2.142857142857143,4.42014247526177
185,001101,13,0.23809523809523814,0.05645376792074591
186,111100,60,4.7142857142857135,20.397925643699594
187,001100,12,0.1428571428571428,0.020357279083275916
188,101100,44,3.19047619047619,9.612612865986414
189,001101,13,0.23809523809523814,0.05645376792074591
190,101010,42,3.0,8.528976393813505
191,011001,25,1.380952380952381,1.8610703876845358
192,000110,6,-0.4285714285714286,0.18504733091468567
193,001110,14,0.33333333333333326,0.11046469651611175
194,110101,53,4.0476190476190474,15.226801622491495
195,000100,4,-0.6190476190476191,0.38736034312017886
196,111101,61,4.809523809523809,21.192092176536686
197,000100,4,-0.6190476190476191,0.38736034312017886
198,001001,9,-0.1428571428571429,0.020459047447336322
199,000010,2,-0.8095238095238095,0.6645875362570834
200,110100,52,3.9523809523809526,14.544579096795166
201,000000,0,-1.0,1.0174524064372834
202,001100,12,0.1428571428571428,0.020357279083275916
203,011011,27,1.5714285714285712,2.401669329234637
204,000100,4,-0.6190476190476191,0.38736034312017886
205,000101,5,-0.5238095238095238,0.27688478660484844
206,011000,24,1.2857142857142856,1.6159697304497915
207,010000,16,0.5238095238095237,0.27186804786227164
208,101100,44,3.19047619047619,9.612612865986414
209,011100,28,1.6666666666666665,2.6969868923802456
210,000110,6,-0.4285714285714286,0.18504733091468567
211,011000,24,1.2857142857142856,1.6159697304497915
212,101100,44,3.19047619047619,9.612612865986414
213,001100,12,0.1428571428571428,0.020357279083275916
214,001110,14,0.33333333333333326,0.11046469651611175
215,000100,4,-0.6190476190476191,0.38736034312017886
216,001100,12,0.1428571428571428,0.020357279083275916
217,001100,12,0.1428571428571428,0.020357279083275916
218,011100,28,1.6666666666666665,2.6969868923802456
219,000101,5,-0.5238095238095238,0.27688478660484844
220,101100,44,3.19047619047619,9.612612865986414
221,011101,29,1.7619047619047619,3.0088627253432194
222,001100,12,0.1428571428571428,0.020357279083275916
223,011101,29,1.7619047619047619,3.0088627253432194
224,000110,6,-0.4285714285714286,0.18504733091468567
225,001101,13,0.23809523809523814,0.05645376792074591
226,101110,46,3.3809523809523805,10.756710852691842
227,001111,15,0.4285714285714284,0.18229960786082441
228,001100,12,0.1428571428571428,0.020357279083275916
229,000110,6,-0.4285714285714286,0.18504733091468567
230,011100,28,1.6666666666666665,2.6969868923802456
231,011000,24,1.2857142857142856,1.6159697304497915
232,001111,15,0.4285714285714284,0.18229960786082441
233,001100,12,0.1428571428571428,0.020357279083275916
234,111100,60,4.7142857142857135,20.397925643699594
235,000001,1,-0.9047619047619048,0.8315200473231276
236,001110,14,0.33333333333333326,0.11046469651611175
237,001100,12,0.1428571428571428,0.020357279083275916
238,000101,5,-0.5238095238095238,0.27688478660484844
239,001110,14,0.33333333333333326,0.11046469651611175
240,100001,33,2.142857142857143,4.42014247526177
241,001110,14,0.33333333333333326,0.11046469651611175
242,101100,44,3.19047619047619,9.612612865986414
243,001111,15,0.4285714285714284,0.18229960786082441
244,001000,8,-0.23809523809523814,0.05692491688651036
245,011001,25,1.380952380952381,1.8610703876845358
246,000000,0,-1.0,1.0174524064372834
247,010000,16,0.5238095238095237,0.27186804786227164
248,100000,32,2.0476190476190474,4.042936662898632
249,011001,25,1.380952380952381,1.8610703876845358
250,010000,16,0.5238095238095237,0.27186804786227164
251,011000,24,1.2857142857142856,1.6159697304497915
252,010111,23,1.1904761904761902,1.3877887837068057
253,001000,8,-0.23809523809523814,0.05692491688651036
254,110010,50,3.761904761904762,13.22341296515159
255,010001,17,0.6190476190476191,0.37907956617687333
256,110000,48,3.571428571428571,11.960550634631987
257,010000,16,0.5238095238095237,0.27186804786227164
258,011010,26,1.4761904761904763,2.123000376292874
259,000100,4,-0.6190476190476191,0.38736034312017886
260,110010,50,3.761904761904762,13.22341296515159
261,011110,30,1.8571428571428568,3.337206502312616
262,110001,49,3.666666666666666,12.584648915046454
263,010000,16,0.5238095238095237,0.27186804786227164
264,010001,17,0.6190476190476191,0.37907956617687333
265,011010,26,1.4761904761904763,2.123000376292874
266,110001,49,3.666666666666666,12.584648915046454
267,011011,27,1.5714285714285712,2.401669329234637
268,110100,52,3.9523809523809526,14.544579096795166
269,000001,1,-0.9047619047619048,0.8315200473231276
270,010000,16,0.5238095238095237,0.27186804786227164
271,011000,24,1.2857142857142856,1.6159697304497915
272,110000,48,3.571428571428571,11.960550634631987
273,011000,24,1.2857142857142856,1.6159697304497915
274,110010,50,3.761904761904762,13.22341296515159
275,010100,20,0.9047619047619047,0.8056681612936524
276,111010,58,4.523809523809524,18.850720869283407
277,011011,27,1.5714285714285712,2.401669329234637
278,110001,49,3.666666666666666,12.584648915046454
279,000110,6,-0.4285714285714286,0.18504733091468567
280,110000,48,3.571428571428571,11.960550634631987
281,000000,0,-1.0,1.0174524064372834
282,001100,12,0.1428571428571428,0.020357279083275916
283,001011,11,0.04761904761904745,0.002265689095074959
284,110000,48,3.571428571428571,11.960550634631987
285,011001,25,1.380952380952381,1.8610703876845358
286,010010,18,0.7142857142857142,0.5038437170431554
287,010000,16,0.5238095238095237,0.27186804786227164
288,110111,55,4.238095238095238,16.63407696166561
289,010100,20,0.9047619047619047,0.8056681612936524
290,110001,49,3.666666666666666,12.584648915046454
291,000101,5,-0.5238095238095238,0.27688478660484844
292,110010,50,3.761904761904762,13.22341296515159
293,010000,16,0.5238095238095237,0.27186804786227164
294,110110,54,4.142857142857142,15.923330807852608
295,010000,16,0.5238095238095237,0.27186804786227164
296,001000,8,-0.23809523809523814,0.05692491688651036
297,000000,0,-1.0,1.0174524064372834
298,111000,56,4.333333333333333,17.358950428892644
299,010000,16,0.5238095238095237,0.27186804786227164
300,110000,48,3.571428571428571,11.960550634631987
301,010100,20,0.9047619047619047,0.8056681612936524
302,010000,16,0.5238095238095237,0.27186804786227164
303,011000,24,1.2857142857142856,1.6159697304497915
304,000000,0,-1.0,1.0174524064372834
305,011110,30,1.8571428571428568,3.337206502312616
306,011101,29,1.7619047619047619,3.0088627253432194
307,010100,20,0.9047619047619047,0.8056681612936524
308,000000,0,-1.0,1.0174524064372834
309,011000,24,1.2857142857142856,1.6159697304497915
310,010100,20,0.9047619047619047,0.8056681612936524
311,001101,13,0.23809523809523814,0.05645376792074591
312,110001,49,3.666666666666666,12.584648915046454
313,010000,16,0.5238095238095237,0.27186804786227164
314,011101,29,1.7619047619047619,3.0088627253432194
315,010111,23,1.1904761904761902,1.3877887837068057
316,010000,16,0.5238095238095237,0.27186804786227164
317,000101,5,-0.5238095238095238,0.27688478660484844
318,111010,58,4.523809523809524,18.850720869283407
319,000101,5,-0.5238095238095238,0.27688478660484844
320,011010,26,1.4761904761904763,2.123000376292874
321,011100,28,1.6666666666666665,2.6969868923802456
322,000000,0,-1.0,1.0174524064372834
323,010010,18,0.7142857142857142,0.5038437170431554
324,010100,20,0.9047619047619047,0.8056681612936524
325,010001,17,0.6190476190476191,0.37907956617687333
326,011010,26,1.4761904761904763,2.123000376292874
327,010000,16,0.5238095238095237,0.27186804786227164
328,111100,60,4.7142857142857135,20.397925643699594
329,010000,16,0.5238095238095237,0.27186804786227164
330,000011,3,-0.7142857142857143,0.5165644462221506
331,000100,4,-0.6190476190476191,0.38736034312017886
332,010001,17,0.6190476190476191,0.37907956617687333
333,010010,18,0.7142857142857142,0.5038437170431554
334,100000,32,2.0476190476190474,4.042936662898632
335,111010,58,4.523809523809524,18.850720869283407
336,000011,3,-0.7142857142857143,0.5165644462221506
337,000001,1,-0.9047619047619048,0.8315200473231276
338,011010,26,1.4761904761904763,2.123000376292874
339,000000,0,-1.0,1.0174524064372834
340,100011,35,2.333333333333333,5.22278426902931
341,001011,11,0.04761904761904745,0.002265689095074959
342,010001,17,0.6190476190476191,0.37907956617687333
343,001111,15,0.4285714285714284,0.18229960786082441
344,010011,19,0.8095238095238093,0.6460700601147984
345,000011,3,-0.7142857142857143,0.5165644462221506
346,101010,42,3.0,8.528976393813505
347,111001,57,4.428571428571428,18.097861591499424
348,110011,51,3.8571428571428568,13.876752957322918
349,000010,2,-0.8095238095238095,0.6645875362570834
350,000111,7,-0.33333333333333337,0.11175752570611044
351,000111,7,-0.33333333333333337,0.11175752570611044
352,100011,35,2.333333333333333,5.22278426902931
353,000011,3,-0.7142857142857143,0.5165644462221506
354,111111,63,5.0,22.821106431308547
355,000101,5,-0.5238095238095238,0.27688478660484844
356,010011,19,0.8095238095238093,0.6460700601147984
357,011011,27,1.5714285714285712,2.401669329234637
358,100011,35,2.333333333333333,5.22278426902931
359,101111,47,3.4761904761904763,11.351207983562364
360,100100,36,2.4285714285714284,5.648039789102246
361,000011,3,-0.7142857142857143,0.5165644462221506
362,000001,1,-0.9047619047619048,0.8315200473231276
363,010010,18,0.7142857142857142,0.5038437170431554
364,100010,34,2.238095238095238,4.81345509078861
365,100010,34,2.238095238095238,4.81345509078861
366,111011,59,4.619047619047619,19.61743872070184
367,010110,22,1.095238095238095,1.1766179378190775
368,101011,43,3.095238095238095,9.063191940391086
369,010011,19,0.8095238095238093,0.6460700601147984
370,100011,35,2.333333333333333,5.22278426902931
371,011011,27,1.5714285714285712,2.401669329234637
372,100101,37,2.5238095238095237,6.089131450525736
373,101100,44,3.19047619047619,9.612612865986414
374,101001,41,2.9047619047619047,8.010056260657452
375,001011,11,0.04761904761904745,0.002265689095074959
376,100011,35,2.333333333333333,5.22278426902931
377,010101,21,1.0,0.9825475935627165
378,010011,19,0.8095238095238093,0.6460700601147984
379,011011,27,1.5714285714285712,2.401669329234637
380,100111,39,2.714285714285714,7.018462502487046
381,000011,3,-0.7142857142857143,0.5165644462221506
382,110101,53,4.0476190476190474,15.226801622491495
383,000011,3,-0.7142857142857143,0.5165644462221506
384,100011,35,2.333333333333333,5.22278426902931
385,001000,8,-0.23809523809523814,0.05692491688651036
386,100111,39,2.714285714285714,7.018462502487046
387,000010,2,-0.8095238095238095,0.6645875362570834
388,001011,11,0.04761904761904745,0.002265689095074959
389,010000,16,0.5238095238095237,0.27186804786227164
390,000011,3,-0.7142857142857143,0.5165644462221506
391,000010,2,-0.8095238095238095,0.6645875362570834
392,101001,41,2.9047619047619047,8.010056260657452
393,010001,17,0.6190476190476191,0.37907956617687333
394,101110,46,3.3809523809523805,10.756710852691842
395,010010,18,0.7142857142857142,0.5038437170431554
396,010101,21,1.0,0.9825475935627165
397,001010,10,-0.04761904761904767,0.002269458297215279
398,110001,49,3.666666666666666,12.584648915046454
399,000011,3,-0.7142857142857143,0.5165644462221506
400,001110,14,0.33333333333333326,0.11046469651611175
401,000000,0,-1.0,1.0174524064372834
402,010101,21,1.0,0.9825475935627165
403,001111,15,0.4285714285714284,0.18229960786082441
404,010000,16,0.5238095238095237,0.27186804786227164
405,000001,1,-0.9047619047619048,0.8315200473231276
406,000110,6,-0.4285714285714286,0.18504733091468567
407,011000,24,1.2857142857142856,1.6159697304497915
408,010111,23,1.1904761904761902,1.3877887837068057
409,101101,45,3.2857142857142856,10.177149163244945
410,010111,23,1.1904761904761902,1.3877887837068057
411,001111,15,0.4285714285714284,0.18229960786082441
412,100011,35,2.333333333333333,5.22278426902931
413,001011,11,0.04761904761904745,0.002265689095074959
414,000111,7,-0.33333333333333337,0.11175752570611044
415,000111,7,-0.33333333333333337,0.11175752570611044
416,001000,8,-0.23809523809523814,0.05692491688651036
417,110100,52,3.9523809523809526,14.544579096795166
418,000010,2,-0.8095238095238095,0.6645875362570834
419,010011,19,0.8095238095238093,0.6460700601147984
420,001011,11,0.04761904761904745,0.002265689095074959
421,001100,12,0.1428571428571428,0.020357279083275916
422,110011,51,3.8571428571428568,13.876752957322918
423,000111,7,-0.33333333333333337,0.11175752570611044
424,000001,1,-0.9047619047619048,0.8315200473231276
425,010010,18,0.7142857142857142,0.5038437170431554
426,100011,35,2.333333333333333,5.22278426902931
427,000011,3,-0.7142857142857143,0.5165644462221506
428,101110,46,3.3809523809523805,10.756710852691842
429,000011,3,-0.7142857142857143,0.5165644462221506
430,001011,11,0.04761904761904745,0.002265689095074959
431,111110,62,4.904761904761904,21.999848898615625
432,011001,25,1.380952380952381,1.8610703876845358
433,011101,29,1.7619047619047619,3.0088627253432194
434,111000,56,4.333333333333333,17.358950428892644
435,001010,10,-0.04761904761904767,0.002269458297215279
436,101000,40,2.8095238095238093,7.506521601545266
437,011001,25,1.380952380952381,1.8610703876845358
438,100000,32,2.0476190476190474,4.042936662898632
439,011010,26,1.4761904761904763,2.123000376292874
440,001000,8,-0.23809523809523814,0.05692491688651036
441,000111,7,-0.33333333333333337,0.11175752570611044
442,101000,40,2.8095238095238093,7.506521601545266
443,001111,15,0.4285714285714284,0.18229960786082441
444,101000,40,2.8095238095238093,7.506521601545266
445,011001,25,1.380952380952381,1.8610703876845358
446,000000,0,-1.0,1.0174524064372834
447,000000,0,-1.0,1.0174524064372834
448,111000,56,4.333333333333333,17.358950428892644
449,000100,4,-0.6190476190476191,0.38736034312017886
450,001100,12,0.1428571428571428,0.020357279083275916
451,100101,37,2.5238095238095237,6.089131450525736
452,101001,41,2.9047619047619047,8.010056260657452
453,010010,18,0.7142857142857142,0.5038437170431554
454,101000,40,2.8095238095238093,7.506521601545266
455,011000,24,1.2857142857142856,1.6159697304497915
456,101100,44,3.19047619047619,9.612612865986414
457,001110,14,0.33333333333333326,0.11046469651611175
458,111000,56,4.333333333333333,17.358950428892644
459,010010,18,0.7142857142857142,0.5038437170431554
460,101001,41,2.9047619047619047,8.010056260657452
461,001001,9,-0.1428571428571429,0.020459047447336322
462,111100,60,4.7142857142857135,20.397925643699594
463,001000,8,-0.23809523809523814,0.05692491688651036
464,101100,44,3.19047619047619,9.612612865986414
465,011010,26,1.4761904761904763,2.123000376292874
466,101000,40,2.8095238095238093,7.506521601545266
467,011011,27,1.5714285714285712,2.401669329234637
468,000000,0,-1.0,1.0174524064372834
469,000110,6,-0.4285714285714286,0.18504733091468567
470,111001,57,4.428571428571428,18.097861591499424
471,010100,20,0.9047619047619047,0.8056681612936524
472,101101,45,3.2857142857142856,10.177149163244945
473,011101,29,1.7619047619047619,3.0088627253432194
474,100010,34,2.238095238095238,4.81345509078861
475,010110,22,1.095238095238095,1.1766179378190775
476,101100,44,3.19047619047619,9.612612865986414
477,001000,8,-0.23809523809523814,0.05692491688651036
478,010000,16,0.5238095238095237,0.27186804786227164
479,001000,8,-0.23809523809523814,0.05692491688651036
480,101000,40,2.8095238095238093,7.506521601545266
481,011000,24,1.2857142857142856,1.6159697304497915
482,100000,32,2.0476190476190474,4.042936662898632
483,111011,59,4.619047619047619,19.61743872070184
484,000000,0,-1.0,1.0174524064372834
485,011000,24,1.2857142857142856,1.6159697304497915
486,101000,40,2.8095238095238093,7.506521601545266
487,001100,12,0.1428571428571428,0.020357279083275916
488,101001,41,2.9047619047619047,8.010056260657452
489,000000,0,-1.0,1.0174524064372834
490,001100,12,0.1428571428571428,0.020357279083275916
491,011100,28,1.6666666666666665,2.6969868923802456
492,001100,12,0.1428571428571428,0.020357279083275916
493,000001,1,-0.9047619047619048,0.8315200473231276
494,101100,44,3.19047619047619,9.612612865986414
495,011100,28,1.6666666666666665,2.6969868923802456
496,001001,9,-0.1428571428571429,0.020459047447336322
497,000001,1,-0.9047619047619048,0.8315200473231276
498,011110,30,1.8571428571428568,3.337206502312616
499,001010,10,-0.04761904761904767,0.002269458297215279
500,001001,9,-0.1428571428571429,0.020459047447336322
501,001111,15,0.4285714285714284,0.18229960786082441
502,001000,8,-0.23809523809523814,0.05692491688651036
503,001100,12,0.1428571428571428,0.020357279083275916
504,001000,8,-0.23809523809523814,0.05692491688651036
505,011110,30,1.8571428571428568,3.337206502312616
506,011000,24,1.2857142857142856,1.6159697304497915
507,001000,8,-0.23809523809523814,0.05692491688651036
508,011100,28,1.6666666666666665,2.6969868923802456
509,011100,28,1.6666666666666665,2.6969868923802456
510,001100,12,0.1428571428571428,0.020357279083275916
511,000011,3,-0.7142857142857143,0.5165644462221506
512,001100,12,0.1428571428571428,0.020357279083275916
513,000100,4,-0.6190476190476191,0.38736034312017886
514,001001,9,-0.1428571428571429,0.020459047447336322
515,101010,42,3.0,8.528976393813505
516,110000,48,3.571428571428571,11.960550634631987
517,001110,14,0.33333333333333326,0.11046469651611175
518,101000,40,2.8095238095238093,7.506521601545266
519,001000,8,-0.23809523809523814,0.05692491688651036
520,001011,11,0.04761904761904745,0.002265689095074959
521,001111,15,0.4285714285714284,0.18229960786082441
522,001111,15,0.4285714285714284,0.18229960786082441
523,001010,10,-0.04761904761904767,0.002269458297215279
524,101001,41,2.9047619047619047,8.010056260657452
525,000001,1,-0.9047619047619048,0.8315200473231276
526,111011,59,4.619047619047619,19.61743872070184
527,011010,26,1.4761904761904763,2.123000376292874
528,001011,11,0.04761904761904745,0.002265689095074959
529,000011,3,-0.7142857142857143,0.5165644462221506
530,101111,47,3.4761904761904763,11.351207983562364
531,101010,42,3.0,8.528976393813505
532,111011,59,4.619047619047619,19.61743872070184
533,001011,11,0.04761904761904745,0.002265689095074959
534,010001,17,0.6190476190476191,0.37907956617687333
535,011011,27,1.5714285714285712,2.401669329234637
536,101011,43,3.095238095238095,9.063191940391086
537,001011,11,0.04761904761904745,0.002265689095074959
538,100100,36,2.4285714285714284,5.648039789102246
539,001001,9,-0.1428571428571429,0.020459047447336322
540,000011,3,-0.7142857142857143,0.5165644462221506
541,001010,10,-0.04761904761904767,0.002269458297215279
542,110011,51,3.8571428571428568,13.876752957322918
543,011011,27,1.5714285714285712,2.401669329234637
544,100111,39,2.714285714285714,7.018462502487046
545,001010,10,-0.04761904761904767,0.002269458297215279
546,111111,63,5.0,22.821106431308547
547,001011,11,0.04761904761904745,0.002265689095074959
548,110011,51,3.8571428571428568,13.876752957322918
549,001111,15,0.4285714285714284,0.18229960786082441
550,111001,57,4.428571428571428,18.097861591499424
551,000011,3,-0.7142857142857143,0.5165644462221506
552,101110,46,3.3809523809523805,10.756710852691842
553,001011,11,0.04761904761904745,0.002265689095074959
554,101011,43,3.095238095238095,9.063191940391086
555,011111,31,1.952380952380952,3.6819279128853872
556,101001,41,2.9047619047619047,8.010056260657452
557,011111,31,1.952380952380952,3.6819279128853872
558,100011,35,2.333333333333333,5.22278426902931
559,011001,25,1.380952380952381,1.8610703876845358
560,100111,39,2.714285714285714,7.018462502487046
561,000011,3,-0.7142857142857143,0.5165644462221506
562,101011,43,3.095238095238095,9.063191940391086
563,001010,10,-0.04761904761904767,0.002269458297215279
564,110111,55,4.238095238095238,16.63407696166561
565,001000,8,-0.23809523809523814,0.05692491688651036
566,001011,11,0.04761904761904745,0.002265689095074959
567,011010,26,1.4761904761904763,2.123000376292874
568,000001,1,-0.9047619047619048,0.8315200473231276
569,001010,10,-0.04761904761904767,0.002269458297215279
570,101001,41,2.9047619047619047,8.010056260657452
571,011001,25,1.380952380952381,1.8610703876845358
572,000011,3,-0.7142857142857143,0.5165644462221506
573,010011,19,0.8095238095238093,0.6460700601147984
574,001100,12,0.1428571428571428,0.020357279083275916
575,111011,59,4.619047619047619,19.61743872070184
576,111001,57,4.428571428571428,18.097861591499424
577,001111,15,0.4285714285714284,0.18229960786082441
578,001010,10,-0.04761904761904767,0.002269458297215279
579,000011,3,-0.7142857142857143,0.5165644462221506
580,001100,12,0.1428571428571428,0.020357279083275916
581,011110,30,1.8571428571428568,3.337206502312616
582,001001,9,-0.1428571428571429,0.020459047447336322
583,110001,49,3.666666666666666,12.584648915046454
584,101101,45,3.2857142857142856,10.177149163244945
585,011111,31,1.952380952380952,3.6819279128853872
586,001001,9,-0.1428571428571429,0.020459047447336322
587,010111,23,1.1904761904761902,1.3877887837068057
588,101101,45,3.2857142857142856,10.177149163244945
589,001011,11,0.04761904761904745,0.002265689095074959
590,101111,47,3.4761904761904763,11.351207983562364
591,001011,11,0.04761904761904745,0.002265689095074959
592,001111,15,0.4285714285714284,0.18229960786082441
593,001110,14,0.33333333333333326,0.11046469651611175
594,001000,8,-0.23809523809523814,0.05692491688651036
595,010010,18,0.7142857142857142,0.5038437170431554
596,101111,47,3.4761904761904763,11.351207983562364
597,011011,27,1.5714285714285712,2.401669329234637
598,001011,11,0.04761904761904745,0.002265689095074959
599,001000,8,-0.23809523809523814,0.05692491688651036
600,010010,18,0.7142857142857142,0.5038437170431554
601,001011,11,0.04761904761904745,0.002265689095074959
602,000011,3,-0.7142857142857143,0.5165644462221506
603,000111,7,-0.33333333333333337,0.11175752570611044
604,001001,9,-0.1428571428571429,0.020459047447336322
605,000010,2,-0.8095238095238095,0.6645875362570834
606,101011,43,3.095238095238095,9.063191940391086
607,001110,14,0.33333333333333326,0.11046469651611175
608,101011,43,3.095238095238095,9.063191940391086
609,001110,14,0.33333333333333326,0.11046469651611175
610,101011,43,3.095238095238095,9.063191940391086
611,011101,29,1.7619047619047619,3.0088627253432194
612,100011,35,2.333333333333333,5.22278426902931
613,001011,11,0.04761904761904745,0.002265689095074959
614,001111,15,0.4285714285714284,0.18229960786082441
615,010001,17,0.6190476190476191,0.37907956617687333
616,100111,39,2.714285714285714,7.018462502487046
617,010011,19,0.8095238095238093,0.6460700601147984
618,101111,47,3.4761904761904763,11.351207983562364
619,011011,27,1.5714285714285712,2.401669329234637
620,000101,5,-0.5238095238095238,0.27688478660484844
621,001011,11,0.04761904761904745,0.002265689095074959
622,111111,63,5.0,22.821106431308547
623,001100,12,0.1428571428571428,0.020357279083275916
624,000101,5,-0.5238095238095238,0.27688478660484844
625,001011,11,0.04761904761904745,0.002265689095074959
626,000101,5,-0.5238095238095238,0.27688478660484844
627,001010,10,-0.04761904761904767,0.002269458297215279
628,110111,55,4.238095238095238,16.63407696166561
629,001110,14,0.33333333333333326,0.11046469651611175
630,111011,59,4.619047619047619,19.61743872070184
631,011111,31,1.952380952380952,3.6819279128853872
632,101110,46,3.3809523809523805,10.756710852691842
633,011011,27,1.5714285714285712,2.401669329234637
634,100111,39,2.714285714285714,7.018462502487046
635,011101,29,1.7619047619047619,3.0088627253432194
636,101111,47,3.4761904761904763,11.351207983562364
637,001100,12,0.1428571428571428,0.020357279083275916
638,101111,47,3.4761904761904763,11.351207983562364
639,001011,11,0.04761904761904745,0.002265689095074959
640,101111,47,3.4761904761904763,11.351207983562364
641,011011,27,1.5714285714285712,2.401669329234637
642,000111,7,-0.33333333333333337,0.11175752570611044
643,001111,15,0.4285714285714284,0.18229960786082441
644,110111,55,4.238095238095238,16.63407696166561
645,001101,13,0.23809523809523814,0.05645376792074591
646,110111,55,4.238095238095238,16.63407696166561
647,000111,7,-0.33333333333333337,0.11175752570611044
648,101011,43,3.095238095238095,9.063191940391086
649,000111,7,-0.33333333333333337,0.11175752570611044
650,111111,63,5.0,22.821106431308547
651,001011,11,0.04761904761904745,0.002265689095074959
652,001100,12,0.1428571428571428,0.020357279083275916
653,011100,28,1.6666666666666665,2.6969868923802456
654,000011,3,-0.7142857142857143,0.5165644462221506
655,001111,15,0.4285714285714284,0.18229960786082441
656,101010,42,3.0,8.528976393813505
657,001010,10,-0.04761904761904767,0.002269458297215279
658,110101,53,4.0476190476190474,15.226801622491495
659,011100,28,1.6666666666666665,2.6969868923802456
660,000111,7,-0.33333333333333337,0.11175752570611044
661,011000,24,1.2857142857142856,1.6159697304497915
662,101111,47,3.4761904761904763,11.351207983562364
663,000001,1,-0.9047619047619048,0.8315200473231276
664,101111,47,3.4761904761904763,11.351207983562364
665,000101,5,-0.5238095238095238,0.27688478660484844
666,001110,14,0.33333333333333326,0.11046469651611175
667,111111,63,5.0,22.821106431308547
668,001101,13,0.23809523809523814,0.05645376792074591
669,001101,13,0.23809523809523814,0.05645376792074591
670,100111,39,2.714285714285714,7.018462502487046
671,011111,31,1.952380952380952,3.6819279128853872
672,001110,14,0.33333333333333326,0.11046469651611175
673,010111,23,1.1904761904761902,1.3877887837068057
674,001111,15,0.4285714285714284,0.18229960786082441
675,001111,15,0.4285714285714284,0.18229960786082441
676,101111,47,3.4761904761904763,11.351207983562364
677,001101,13,0.23809523809523814,0.05645376792074591
678,001110,14,0.33333333333333326,0.11046469651611175
679,011110,30,1.8571428571428568,3.337206502312616
680,000110,6,-0.4285714285714286,0.18504733091468567
681,011011,27,1.5714285714285712,2.401669329234637
682,001111,15,0.4285714285714284,0.18229960786082441
683,011110,30,1.8571428571428568,3.337206502312616
684,101101,45,3.2857142857142856,10.177149163244945
685,000111,7,-0.33333333333333337,0.11175752570611044
686,001011,11,0.04761904761904745,0.002265689095074959
687,001111,15,0.4285714285714284,0.18229960786082441
688,000101,5,-0.5238095238095238,0.27688478660484844
689,000110,6,-0.4285714285714286,0.18504733091468567
690,100000,32,2.0476190476190474,4.042936662898632
691,001110,14,0.33333333333333326,0.11046469651611175
692,101111,47,3.4761904761904763,11.351207983562364
693,001011,11,0.04761904761904745,0.002265689095074959
694,001111,15,0.4285714285714284,0.18229960786082441
695,010010,18,0.7142857142857142,0.5038437170431554
696,110011,51,3.8571428571428568,13.876752957322918
697,010010,18,0.7142857142857142,0.5038437170431554
698,011011,27,1.5714285714285712,2.401669329234637
699,000111,7,-0.33333333333333337,0.11175752570611044
700,010010,18,0.7142857142857142,0.5038437170431554
701,010111,23,1.1904761904761902,1.3877887837068057
702,111111,63,5.0,22.821106431308547
703,010001,17,0.6190476190476191,0.37907956617687333
704,010011,19,0.8095238095238093,0.6460700601147984
705,110011,51,3.8571428571428568,13.876752957322918
706,111011,59,4.619047619047619,19.61743872070184
707,010011,19,0.8095238095238093,0.6460700601147984
708,100100,36,2.4285714285714284,5.648039789102246
709,000011,3,-0.7142857142857143,0.5165644462221506
710,010001,17,0.6190476190476191,0.37907956617687333
711,010010,18,0.7142857142857142,0.5038437170431554
712,110011,51,3.8571428571428568,13.876752957322918
713,010010,18,0.7142857142857142,0.5038437170431554
714,111011,59,4.619047619047619,19.61743872070184
715,011110,30,1.8571428571428568,3.337206502312616
716,110011,51,3.8571428571428568,13.876752957322918
717,010011,19,0.8095238095238093,0.6460700601147984
718,110011,51,3.8571428571428568,13.876752957322918
719,011001,25,1.380952380952381,1.8610703876845358
720,110111,55,4.238095238095238,16.63407696166561
721,001110,14,0.33333333333333326,0.11046469651611175
722,111001,57,4.428571428571428,18.097861591499424
723,011011,27,1.5714285714285712,2.401669329234637
724,001001,9,-0.1428571428571429,0.020459047447336322
725,010111,23,1.1904761904761902,1.3877887837068057
726,110011,51,3.8571428571428568,13.876752957322918
727,010001,17,0.6190476190476191,0.37907956617687333
728,110110,54,4.142857142857142,15.923330807852608
729,000011,3,-0.7142857142857143,0.5165644462221506
730,111011,59,4.619047619047619,19.61743872070184
731,010010,18,0.7142857142857142,0.5038437170431554
732,110111,55,4.238095238095238,16.63407696166561
733,010110,22,1.095238095238095,1.1766179378190775
734,011001,25,1.380952380952381,1.8610703876845358
735,010010,18,0.7142857142857142,0.5038437170431554
736,010101,21,1.0,0.9825475935627165
737,010000,16,0.5238095238095237,0.27186804786227164
738,101011,43,3.095238095238095,9.063191940391086
739,010010,18,0.7142857142857142,0.5038437170431554
740,110001,49,3.666666666666666,12.584648915046454
741,010101,21,1.0,0.9825475935627165
742,010010,18,0.7142857142857142,0.5038437170431554
743,011010,26,1.4761904761904763,2.123000376292874
744,110001,49,3.666666666666666,12.584648915046454
745,000110,6,-0.4285714285714286,0.18504733091468567
746,011011,27,1.5714285714285712,2.401669329234637
747,000000,0,-1.0,1.0174524064372834
748,111001,57,4.428571428571428,18.097861591499424
749,010110,22,1.095238095238095,1.1766179378190775
750,011111,31,1.952380952380952,3.6819279128853872
751,010001,17,0.6190476190476191,0.37907956617687333
752,100011,35,2.333333333333333,5.22278426902931
753,010111,23,1.1904761904761902,1.3877887837068057
754,011001,25,1.380952380952381,1.8610703876845358
755,010111,23,1.1904761904761902,1.3877887837068057
756,010011,19,0.8095238095238093,0.6460700601147984
757,000111,7,-0.33333333333333337,0.11175752570611044
758,111011,59,4.619047619047619,19.61743872070184
759,000111,7,-0.33333333333333337,0.11175752570611044
760,011011,27,1.5714285714285712,2.401669329234637
761,010100,20,0.9047619047619047,0.8056681612936524
762,111111,63,5.0,22.821106431308547
763,010110,22,1.095238095238095,1.1766179378190775
764,110011,51,3.8571428571428568,13.876752957322918
765,011001,25,1.380952380952381,1.8610703876845358
766,000011,3,-0.7142857142857143,0.5165644462221506
767,011101,29,1.7619047619047619,3.0088627253432194
768,110010,50,3.761904761904762,13.22341296515159
769,000011,3,-0.7142857142857143,0.5165644462221506
770,110001,49,3.666666666666666,12.584648915046454
771,000101,5,-0.5238095238095238,0.27688478660484844
772,000011,3,-0.7142857142857143,0.5165644462221506
773,000010,2,-0.8095238095238095,0.6645875362570834
774,100010,34,2.238095238095238,4.81345509078861
775,010111,23,1.1904761904761902,1.3877887837068057
776,101010,42,3.0,8.528976393813505
777,011011,27,1.5714285714285712,2.401669329234637
778,000011,3,-0.7142857142857143,0.5165644462221506
779,011110,30,1.8571428571428568,3.337206502312616
780,001010,10,-0.04761904761904767,0.002269458297215279
781,001111,15,0.4285714285714284,0.18229960786082441
782,100110,38,2.6190476190476186,6.545969074049677
783,011111,31,1.952380952380952,3.6819279128853872
784,101110,46,3.3809523809523805,10.756710852691842
785,010010,18,0.7142857142857142,0.5038437170431554
786,011001,25,1.380952380952381,1.8610703876845358
787,011011,27,1.5714285714285712,2.401669329234637
788,011010,26,1.4761904761904763,2.123000376292874
789,000100,4,-0.6190476190476191,0.38736034312017886
790,000010,2,-0.8095238095238095,0.6645875362570834
791,001000,8,-0.23809523809523814,0.05692491688651036
792,000111,7,-0.33333333333333337,0.11175752570611044
793,011110,30,1.8571428571428568,3.337206502312616
794,100010,34,2.238095238095238,4.81345509078861
795,001010,10,-0.04761904761904767,0.002269458297215279
796,111110,62,4.904761904761904,21.999848898615625
797,001110,14,0.33333333333333326,0.11046469651611175
798,111110,62,4.904761904761904,21.999848898615625
799,011011,27,1.5714285714285712,2.401669329234637
800,100110,38,2.6190476190476186,6.545969074049677
801,001101,13,0.23809523809523814,0.05645376792074591
802,111110,62,4.904761904761904,21.999848898615625
803,001100,12,0.1428571428571428,0.020357279083275916
804,101110,46,3.3809523809523805,10.756710852691842
805,001110,14,0.33333333333333326,0.11046469651611175
806,101011,43,3.095238095238095,9.063191940391086
807,011011,27,1.5714285714285712,2.401669329234637
808,000110,6,-0.4285714285714286,0.18504733091468567
809,001110,14,0.33333333333333326,0.11046469651611175
810,110111,55,4.238095238095238,16.63407696166561
811,011110,30,1.8571428571428568,3.337206502312616
812,111100,60,4.7142857142857135,20.397925643699594
813,001111,15,0.4285714285714284,0.18229960786082441
814,100010,34,2.238095238095238,4.81345509078861
815,010110,22,1.095238095238095,1.1766179378190775
816,110110,54,4.142857142857142,15.923330807852608
817,001010,10,-0.04761904761904767,0.002269458297215279
818,001111,15,0.4285714285714284,0.18229960786082441
819,011010,26,1.4761904761904763,2.123000376292874
820,000100,4,-0.6190476190476191,0.38736034312017886
821,001110,14,0.33333333333333326,0.11046469651611175
822,101000,40,2.8095238095238093,7.506521601545266
823,011000,24,1.2857142857142856,1.6159697304497915
824,100100,36,2.4285714285714284,5.648039789102246
825,001100,12,0.1428571428571428,0.020357279083275916
826,010110,22,1.095238095238095,1.1766179378190775
827,001010,10,-0.04761904761904767,0.002269458297215279
828,101100,44,3.19047619047619,9.612612865986414
829,000100,4,-0.6190476190476191,0.38736034312017886
830,001110,14,0.33333333333333326,0.11046469651611175
831,011110,30,1.8571428571428568,3.337206502312616
832,001100,12,0.1428571428571428,0.020357279083275916
833,001111,15,0.4285714285714284,0.18229960786082441
834,100100,36,2.4285714285714284,5.648039789102246
835,001101,13,0.23809523809523814,0.05645376792074591
836,011110,30,1.8571428571428568,3.337206502312616
837,000110,6,-0.4285714285714286,0.18504733091468567
838,011111,31,1.952380952380952,3.6819279128853872
839,001110,14,0.33333333333333326,0.11046469651611175
840,101111,47,3.4761904761904763,11.351207983562364
841,001111,15,0.4285714285714284,0.18229960786082441
842,001110,14,0.33333333333333326,0.11046469651611175
843,001100,12,0.1428571428571428,0.020357279083275916
844,001110,14,0.33333333333333326,0.11046469651611175
845,001100,12,0.1428571428571428,0.020357279083275916
846,010110,22,1.095238095238095,1.1766179378190775
847,011011,27,1.5714285714285712,2.401669329234637
848,001110,14,0.33333333333333326,0.11046469651611175
849,111000,56,4.333333333333333,17.358950428892644
850,101110,46,3.3809523809523805,10.756710852691842
851,000110,6,-0.4285714285714286,0.18504733091468567
852,001011,11,0.04761904761904745,0.002265689095074959
853,000111,7,-0.33333333333333337,0.11175752570611044
854,000100,4,-0.6190476190476191,0.38736034312017886
855,001010,10,-0.04761904761904767,0.002269458297215279
856,100110,38,2.6190476190476186,6.545969074049677
857,001110,14,0.33333333333333326,0.11046469651611175
858,001101,13,0.23809523809523814,0.05645376792074591
859,001011,11,0.04761904761904745,0.002265689095074959
860,001110,14,0.33333333333333326,0.11046469651611175
861,000101,5,-0.5238095238095238,0.27688478660484844
862,100001,33,2.142857142857143,4.42014247526177
863,000111,7,-0.33333333333333337,0.11175752570611044
864,111101,61,4.809523809523809,21.192092176536686
865,000001,1,-0.9047619047619048,0.8315200473231276
866,010101,21,1.0,0.9825475935627165
867,000111,7,-0.33333333333333337,0.11175752570611044
868,111001,57,4.428571428571428,18.097861591499424
869,000101,5,-0.5238095238095238,0.27688478660484844
870,111100,60,4.7142857142857135,20.397925643699594
871,111001,57,4.428571428571428,18.097861591499424
872,000101,5,-0.5238095238095238,0.27688478660484844
873,000101,5,-0.5238095238095238,0.27688478660484844
874,110010,50,3.761904761904762,13.22341296515159
875,000101,5,-0.5238095238095238,0.27688478660484844
876,111010,58,4.523809523809524,18.850720869283407
877,010111,23,1.1904761904761902,1.3877887837068057
878,101100,44,3.19047619047619,9.612612865986414
879,010001,17,0.6190476190476191,0.37907956617687333
880,100111,39,2.714285714285714,7.018462502487046
881,000101,5,-0.5238095238095238,0.27688478660484844
882,111101,61,4.809523809523809,21.192092176536686
883,001100,12,0.1428571428571428,0.020357279083275916
884,100101,37,2.5238095238095237,6.089131450525736
885,000011,3,-0.7142857142857143,0.5165644462221506
886,101101,45,3.2857142857142856,10.177149163244945
887,000101,5,-0.5238095238095238,0.27688478660484844
888,010011,19,0.8095238095238093,0.6460700601147984
889,000111,7,-0.33333333333333337,0.11175752570611044
890,110101,53,4.0476190476190474,15.226801622491495
891,000101,5,-0.5238095238095238,0.27688478660484844
892,110101,53,4.0476190476190474,15.226801622491495
893,000011,3,-0.7142857142857143,0.5165644462221506
894,100101,37,2.5238095238095237,6.089131450525736
895,010100,20,0.9047619047619047,0.8056681612936524
896,100111,39,2.714285714285714,7.018462502487046
897,000000,0,-1.0,1.0174524064372834
898,001101,13,0.23809523809523814,0.05645376792074591
899,010001,17,0.6190476190476191,0.37907956617687333
900,100110,38,2.6190476190476186,6.545969074049677
901,001000,8,-0.23809523809523814,0.05692491688651036
902,100101,37,2.5238095238095237,6.089131450525736
903,000000,0,-1.0,1.0174524064372834
904,110100,52,3.9523809523809526,14.544579096795166
905,010101,21,1.0,0.9825475935627165
906,000100,4,-0.6190476190476191,0.38736034312017886
907,001000,8,-0.23809523809523814,0.05692491688651036
908,110101,53,4.0476190476190474,15.226801622491495
909,000100,4,-0.6190476190476191,0.38736034312017886
910,001111,15,0.4285714285714284,0.18229960786082441
911,000101,5,-0.5238095238095238,0.27688478660484844
912,000100,4,-0.6190476190476191,0.38736034312017886
913,011101,29,1.7619047619047619,3.0088627253432194
914,000100,4,-0.6190476190476191,0.38736034312017886
915,000101,5,-0.5238095238095238,0.27688478660484844
916,100101,37,2.5238095238095237,6.089131450525736
917,000101,5,-0.5238095238095238,0.27688478660484844
918,011101,29,1.7619047619047619,3.0088627253432194
919,000101,5,-0.5238095238095238,0.27688478660484844
920,010111,23,1.1904761904761902,1.3877887837068057
921,101011,43,3.095238095238095,9.063191940391086
922,101101,45,3.2857142857142856,10.177149163244945
923,001101,13,0.23809523809523814,0.05645376792074591
924,000111,7,-0.33333333333333337,0.11175752570611044
925,001101,13,0.23809523809523814,0.05645376792074591
926,000100,4,-0.6190476190476191,0.38736034312017886
927,111100,60,4.7142857142857135,20.397925643699594
928,010111,23,1.1904761904761902,1.3877887837068057
929,010101,21,1.0,0.9825475935627165
930,001011,11,0.04761904761904745,0.002265689095074959
931,011101,29,1.7619047619047619,3.0088627253432194
932,100100,36,2.4285714285714284,5.648039789102246
933,000001,1,-0.9047619047619048,0.8315200473231276
934,000111,7,-0.33333333333333337,0.11175752570611044
935,000000,0,-1.0,1.0174524064372834
936,100111,39,2.714285714285714,7.018462502487046
937,100100,36,2.4285714285714284,5.648039789102246
938,101111,47,3.4761904761904763,11.351207983562364
939,001001,9,-0.1428571428571429,0.020459047447336322
940,000111,7,-0.33333333333333337,0.11175752570611044
941,011010,26,1.4761904761904763,2.123000376292874
942,110101,53,4.0476190476190474,15.226801622491495
943,011011,27,1.5714285714285712,2.401669329234637
944,110001,49,3.666666666666666,12.584648915046454
945,110111,55,4.238095238095238,16.63407696166561
946,110100,52,3.9523809523809526,14.544579096795166
947,000001,1,-0.9047619047619048,0.8315200473231276
948,010001,17,0.6190476190476191,0.37907956617687333
949,111011,59,4.619047619047619,19.61743872070184
950,110010,50,3.761904761904762,13.22341296515159
951,011010,26,1.4761904761904763,2.123000376292874
952,110001,49,3.666666666666666,12.584648915046454
953,010100,20,0.9047619047619047,0.8056681612936524
954,111011,59,4.619047619047619,19.61743872070184
955,010011,19,0.8095238095238093,0.6460700601147984
956,110000,48,3.571428571428571,11.960550634631987
957,010101,21,1.0,0.9825475935627165
958,111001,57,4.428571428571428,18.097861591499424
959,011100,28,1.6666666666666665,2.6969868923802456
960,100001,33,2.142857142857143,4.42014247526177
961,110111,55,4.238095238095238,16.63407696166561
962,101011,43,3.095238095238095,9.063191940391086
963,010011,19,0.8095238095238093,0.6460700601147984
964,010001,17,0.6190476190476191,0.37907956617687333
965,011111,31,1.952380952380952,3.6819279128853872
966,010011,19,0.8095238095238093,0.6460700601147984
967,010001,17,0.6190476190476191,0.37907956617687333
968,110101,53,4.0476190476190474,15.226801622491495
969,000011,3,-0.7142857142857143,0.5165644462221506
970,010010,18,0.7142857142857142,0.5038437170431554
971,010101,21,1.0,0.9825475935627165
972,110010,50,3.761904761904762,13.22341296515159
973,001000,8,-0.23809523809523814,0.05692491688651036
974,010001,17,0.6190476190476191,0.37907956617687333
975,001011,11,0.04761904761904745,0.002265689095074959
976,010000,16,0.5238095238095237,0.27186804786227164
977,010001,17,0.6190476190476191,0.37907956617687333
978,101000,40,2.8095238095238093,7.506521601545266
979,010000,16,0.5238095238095237,0.27186804786227164
980,110001,49,3.666666666666666,12.584648915046454
981,010100,20,0.9047619047619047,0.8056681612936524
982,010001,17,0.6190476190476191,0.37907956617687333
983,011001,25,1.380952380952381,1.8610703876845358
984,110000,48,3.571428571428571,11.960550634631987
985,001111,15,0.4285714285714284,0.18229960786082441
986,010000,16,0.5238095238095237,0.27186804786227164
987,010000,16,0.5238095238095237,0.27186804786227164
988,000101,5,-0.5238095238095238,0.27688478660484844
989,010100,20,0.9047619047619047,0.8056681612936524
990,011001,25,1.380952380952381,1.8610703876845358
991,011101,29,1.7619047619047619,3.0088627253432194
992,100001,33,2.142857142857143,4.42014247526177
993,010101,21,1.0,0.9825475935627165
994,011001,25,1.380952380952381,1.8610703876845358
995,010101,21,1.0,0.9825475935627165
996,010011,19,0.8095238095238093,0.6460700601147984
997,000111,7,-0.33333333333333337,0.11175752570611044
998,111001,57,4.428571428571428,18.097861591499424
999,000101,5,-0.5238095238095238,0.27688478660484844
1000,000011,3,-0.7142857142857143,0.5165644462221506
1001,010101,21,1.0,0.9825475935627165
1002,001000,8,-0.23809523809523814,0.05692491688651036
1003,010011,19,0.8095238095238093,0.6460700601147984
1004,010100,20,0.9047619047619047,0.8056681612936524
1005,010001,17,0.6190476190476191,0.37907956617687333
1006,011010,26,1.4761904761904763,2.123000376292874
1007,011100,28,1.6666666666666665,2.6969868923802456
1008,110001,49,3.666666666666666,12.584648915046454
1009,000001,1,-0.9047619047619048,0.8315200473231276
1010,010011,19,0.8095238095238093,0.6460700601147984
1011,000101,5,-0.5238095238095238,0.27688478660484844
1012,010001,17,0.6190476190476191,0.37907956617687333
1013,010011,19,0.8095238095238093,0.6460700601147984
1014,100000,32,2.0476190476190474,4.042936662898632
1015,000011,3,-0.7142857142857143,0.5165644462221506
1016,111101,61,4.809523809523809,21.192092176536686
1017,000001,1,-0.9047619047619048,0.8315200473231276
1018,011011,27,1.5714285714285712,2.401669329234637
1019,001111,15,0.4285714285714284,0.18229960786082441
1020,111100,60,4.7142857142857135,20.397925643699594
1021,010000,16,0.5238095238095237,0.27186804786227164
1022,010101,21,1.0,0.9825475935627165
1023,010101,21,1.0,0.9825475935627165
1024,111010,58,4.523809523809524,18.850720869283407
1025,000100,4,-0.6190476190476191,0.38736034312017886
1026,110100,52,3.9523809523809526,14.544579096795166
1027,000101,5,-0.5238095238095238,0.27688478660484844
1028,000001,1,-0.9047619047619048,0.8315200473231276
1029,010010,18,0.7142857142857142,0.5038437170431554
1030,110100,52,3.9523809523809526,14.544579096795166
1031,010011,19,0.8095238095238093,0.6460700601147984
1032,111110,62,4.904761904761904,21.999848898615625
1033,110110,54,4.142857142857142,15.923330807852608
1034,111100,60,4.7142857142857135,20.397925643699594
1035,010111,23,1.1904761904761902,1.3877887837068057
1036,111000,56,4.333333333333333,17.358950428892644
1037,101111,47,3.4761904761904763,11.351207983562364
1038,111100,60,4.7142857142857135,20.397925643699594
1039,010100,20,0.9047619047619047,0.8056681612936524
1040,101100,44,3.19047619047619,9.612612865986414
1041,011011,27,1.5714285714285712,2.401669329234637
1042,100100,36,2.4285714285714284,5.648039789102246
1043,010011,19,0.8095238095238093,0.6460700601147984
1044,010010,18,0.7142857142857142,0.5038437170431554
1045,010100,20,0.9047619047619047,0.8056681612936524
1046,110111,55,4.238095238095238,16.63407696166561
1047,010100,20,0.9047619047619047,0.8056681612936524
1048,110101,53,4.0476190476190474,15.226801622491495
1049,000011,3,-0.7142857142857143,0.5165644462221506
1050,110100,52,3.9523809523809526,14.544579096795166
1051,010110,22,1.095238095238095,1.1766179378190775
1052,110100,52,3.9523809523809526,14.544579096795166
1053,000000,0,-1.0,1.0174524064372834
1054,011100,28,1.6666666666666665,2.6969868923802456
1055,011110,30,1.8571428571428568,3.337206502312616
1056,010100,20,0.9047619047619047,0.8056681612936524
1057,000100,4,-0.6190476190476191,0.38736034312017886
1058,111000,56,4.333333333333333,17.358950428892644
1059,010000,16,0.5238095238095237,0.27186804786227164
1060,110000,48,3.571428571428571,11.960550634631987
1061,010000,16,0.5238095238095237,0.27186804786227164
1062,111100,60,4.7142857142857135,20.397925643699594
1063,010110,22,1.095238095238095,1.1766179378190775
1064,001100,12,0.1428571428571428,0.020357279083275916
1065,000100,4,-0.6190476190476191,0.38736034312017886
1066,000100,4,-0.6190476190476191,0.38736034312017886
1067,011100,28,1.6666666666666665,2.6969868923802456
1068,010100,20,0.9047619047619047,0.8056681612936524
1069,000101,5,-0.5238095238095238,0.27688478660484844
1070,110100,52,3.9523809523809526,14.544579096795166
1071,010100,20,0.9047619047619047,0.8056681612936524
1072,011101,29,1.7619047619047619,3.0088627253432194
1073,100100,36,2.4285714285714284,5.648039789102246
1074,010100,20,0.9047619047619047,0.8056681612936524
1075,000110,6,-0.4285714285714286,0.18504733091468567
1076,101110,46,3.3809523809523805,10.756710852691842
1077,010101,21,1.0,0.9825475935627165
1078,001110,14,0.33333333333333326,0.11046469651611175
1079,101110,46,3.3809523809523805,10.756710852691842
1080,010100,20,0.9047619047619047,0.8056681612936524
1081,010100,20,0.9047619047619047,0.8056681612936524
1082,010110,22,1.095238095238095,1.1766179378190775
1083,010101,21,1.0,0.9825475935627165
1084,101010,42,3.0,8.528976393813505
1085,000000,0,-1.0,1.0174524064372834
1086,111100,60,4.7142857142857135,20.397925643699594
1087,010110,22,1.095238095238095,1.1766179378190775
1088,000001,1,-0.9047619047619048,0.8315200473231276
1089,000100,4,-0.6190476190476191,0.38736034312017886
1090,010101,21,1.0,0.9825475935627165
1091,000110,6,-0.4285714285714286,0.18504733091468567
1092,100010,34,2.238095238095238,4.81345509078861
1093,011110,30,1.8571428571428568,3.337206502312616
1094,100100,36,2.4285714285714284,5.648039789102246
1095,010101,21,1.0,0.9825475935627165
1096,001010,10,-0.04761904761904767,0.002269458297215279
